{"cameraMode":{"drawMode":0,"name":"Shaded","section":"Shading Mode"},"sceneLighting":true,"audioPlay":false,"sceneViewState":{"m_AlwaysRefresh":false,"showFog":true,"showSkybox":true,"showFlares":true,"showImageEffects":true,"showParticleSystems":true,"showVisualEffectGraphs":true,"m_FxEnabled":true},"in2DMode":false,"pivot":{"x":114.12562561035156,"y":-10.714241981506348,"z":104.81282806396485},"rotation":{"x":-0.35936978459358218,"y":0.6339176297187805,"z":-0.42290282249450686,"w":-0.5387182831764221},"size":14.481314659118653,"orthographic":false}