{"cameraMode":{"drawMode":0,"name":"Shaded","section":"Shading Mode"},"sceneLighting":true,"audioPlay":false,"sceneViewState":{"m_AlwaysRefresh":false,"showFog":true,"showSkybox":true,"showFlares":true,"showImageEffects":true,"showParticleSystems":true,"showVisualEffectGraphs":true,"m_FxEnabled":true},"in2DMode":false,"pivot":{"x":797.054443359375,"y":503.19952392578127,"z":908.2442626953125},"rotation":{"x":0.05936725437641144,"y":0.0014992712531238795,"z":-0.00007955863839015365,"w":0.9983206987380981},"size":981.4169311523438,"orthographic":false}