{"cameraMode":{"drawMode":0,"name":"Shaded","section":"Shading Mode"},"sceneLighting":true,"audioPlay":false,"sceneViewState":{"m_AlwaysRefresh":false,"showFog":true,"showSkybox":true,"showFlares":true,"showImageEffects":true,"showParticleSystems":true,"showVisualEffectGraphs":true,"m_FxEnabled":true},"in2DMode":false,"pivot":{"x":108.40464782714844,"y":1.6294708251953126,"z":104.8320083618164},"rotation":{"x":-0.13589785993099214,"y":0.7387899160385132,"z":-0.15654096007347108,"w":-0.6413081288337708},"size":14.481314659118653,"orthographic":false}