{"cameraMode":{"drawMode":0,"name":"Shaded","section":"Shading Mode"},"sceneLighting":true,"audioPlay":false,"sceneViewState":{"m_AlwaysRefresh":false,"showFog":true,"showSkybox":true,"showFlares":true,"showImageEffects":true,"showParticleSystems":true,"showVisualEffectGraphs":true,"m_FxEnabled":true},"in2DMode":false,"pivot":{"x":121.38245391845703,"y":1.8857903480529786,"z":97.32479858398438},"rotation":{"x":-0.05593465268611908,"y":0.6825173497200012,"z":-0.052533652633428577,"w":-0.7269079685211182},"size":3.3828318119049074,"orthographic":false}