{"cameraMode":{"drawMode":0,"name":"Shaded","section":"Shading Mode"},"sceneLighting":true,"audioPlay":false,"sceneViewState":{"showFog":true,"showMaterialUpdate":false,"showSkybox":true,"showFlares":true,"showImageEffects":true,"showParticleSystems":true},"in2DMode":false,"pivot":{"x":95.76988220214844,"y":2.377626419067383,"z":46.045066833496097},"rotation":{"x":0.07591376453638077,"y":0.9066206812858582,"z":-0.37140876054763796,"w":0.1853061318397522},"size":29.922758102416993,"orthographic":false}