{"cameraMode":{"drawMode":0,"name":"Shaded","section":"Shading Mode"},"sceneLighting":false,"audioPlay":false,"sceneViewState":{"showFog":true,"showMaterialUpdate":false,"showSkybox":true,"showFlares":true,"showImageEffects":true,"showParticleSystems":true},"in2DMode":false,"pivot":{"x":103.9854507446289,"y":1.8329501152038575,"z":56.33856201171875},"rotation":{"x":0.03388529270887375,"y":-0.8500978946685791,"z":0.05318543314933777,"w":0.5229572653770447},"size":3.4254703521728517,"orthographic":false}